{"cameraMode":{"drawMode":0,"name":"Shaded","section":"Shading Mode"},"sceneLighting":false,"audioPlay":false,"sceneViewState":{"m_AlwaysRefresh":false,"showFog":true,"showSkybox":false,"showFlares":true,"showImageEffects":true,"showParticleSystems":true,"showVisualEffectGraphs":true,"m_FxEnabled":true},"in2DMode":false,"pivot":{"x":-1.2521531581878663,"y":0.25259193778038027,"z":-0.9655156135559082},"rotation":{"x":0.413901686668396,"y":0.24728436768054963,"z":-0.11789966374635697,"w":0.8681225776672363},"size":2.3860647678375246,"orthographic":true}